date,adj_close,close,high,low,open,volume
2024-08-01,7325.98486328125,7325.98486328125,7325.98486328125,7258.8740234375,7274.51708984375,119012300
2024-08-02,7308.123046875,7308.123046875,7337.98095703125,7264.0078125,7304.0859375,130681400
2024-08-05,7059.65283203125,7059.65283203125,7257.47607421875,6998.81103515625,7254.61279296875,196047200
2024-08-06,7129.21484375,7129.21484375,7167.259765625,7066.5009765625,7098.6728515625,122457600
2024-08-07,7212.130859375,7212.130859375,7246.2578125,7147.29296875,7149.5087890625,128572200
2024-08-08,7195.12109375,7195.12109375,7234.44677734375,7181.76611328125,7212.7412109375,125248900
2024-08-09,7256.99609375,7256.99609375,7267.421875,7219.9228515625,7219.98388671875,112712600
2024-08-12,7297.625,7297.625,7297.625,7230.78515625,7265.15087890625,156405500
2024-08-13,7356.63818359375,7356.63818359375,7366.65087890625,7286.5498046875,7316.42822265625,146066800
2024-08-14,7436.0390625,7436.0390625,7445.6640625,7372.89111328125,7377.0068359375,168060500
2024-08-15,7409.5009765625,7409.5009765625,7460.38720703125,7386.73681640625,7442.91015625,150416800
2024-08-16,7432.08984375,7432.08984375,7459.7490234375,7417.20703125,7443.93505859375,151268200
2024-08-19,7466.8310546875,7466.8310546875,7466.8310546875,7420.3759765625,7428.7412109375,138674400
2024-08-20,7533.98486328125,7533.98486328125,7538.1572265625,7482.5048828125,7490.31982421875,183613200
2024-08-21,7554.5927734375,7554.5927734375,7594.546875,7543.63916015625,7563.08203125,199930800
2024-08-22,7488.67578125,7488.67578125,7540.27294921875,7460.40380859375,7531.34716796875,140745300
2024-08-23,7544.2978515625,7544.2978515625,7567.51416015625,7507.73779296875,7510.6640625,128771000
2024-08-26,7606.19482421875,7606.19482421875,7619.90283203125,7549.412109375,7549.412109375,142108800
2024-08-27,7597.880859375,7597.880859375,7610.201171875,7547.26318359375,7598.4638671875,141150100
2024-08-28,7658.875,7658.875,7672.287109375,7581.048828125,7604.3271484375,152042100
2024-08-29,7627.60400390625,7627.60400390625,7715.7587890625,7627.60400390625,7679.52783203125,153940300
2024-08-30,7670.73291015625,7670.73291015625,7673.18212890625,7616.34521484375,7642.77880859375,194479000
2024-09-02,7694.52978515625,7694.52978515625,7726.18798828125,7669.921875,7686.5390625,156165700
2024-09-03,7616.52099609375,7616.52099609375,7726.662109375,7598.46923828125,7706.65087890625,165704700
2024-09-04,7672.89599609375,7672.89599609375,7672.89599609375,7546.048828125,7577.09619140625,147636500
2024-09-05,7681.04296875,7681.04296875,7722.22509765625,7650.80419921875,7679.64892578125,137717400
2024-09-06,7721.84619140625,7721.84619140625,7754.47509765625,7683.7041015625,7684.81201171875,122729500
2024-09-09,7702.73876953125,7702.73876953125,7748.3251953125,7654.72509765625,7729.2548828125,138539000
2024-09-10,7761.38818359375,7761.38818359375,7764.77978515625,7723.30078125,7725.283203125,196539800
2024-09-11,7760.955078125,7760.955078125,7802.47607421875,7736.78076171875,7770.26806640625,171932600
2024-09-12,7798.15380859375,7798.15380859375,7833.27197265625,7782.01611328125,7782.01611328125,252749100
2024-09-13,7812.130859375,7812.130859375,7828.9658203125,7775.63623046875,7805.68994140625,162457200
2024-09-17,7831.77880859375,7831.77880859375,7854.01806640625,7802.27001953125,7832.52490234375,216113800
2024-09-18,7829.134765625,7829.134765625,7879.0439453125,7818.9599609375,7845.81396484375,241800200
2024-09-19,7905.39013671875,7905.39013671875,7910.55615234375,7853.35302734375,7858.11279296875,259454000
2024-09-20,7743.00390625,7743.00390625,7904.51318359375,7738.32080078125,7904.39501953125,317741900
2024-09-23,7775.73095703125,7775.73095703125,7775.73095703125,7675.291015625,7743.201171875,260227800
2024-09-24,7778.4912109375,7778.4912109375,7810.5400390625,7717.8388671875,7774.55615234375,182808900
2024-09-25,7740.90185546875,7740.90185546875,7760.8837890625,7633.44677734375,7747.85498046875,276661800
2024-09-26,7744.51611328125,7744.51611328125,7763.0810546875,7673.0478515625,7723.09716796875,202756700
2024-09-27,7696.916015625,7696.916015625,7736.916015625,7663.47607421875,7713.7998046875,190512300
2024-09-30,7527.92919921875,7527.92919921875,7679.2421875,7527.92919921875,7674.2861328125,222223500
2024-10-01,7642.1328125,7642.1328125,7642.1328125,7547.11083984375,7551.4619140625,206962900
2024-10-02,7563.26220703125,7563.26220703125,7619.10400390625,7501.4599609375,7601.73779296875,315317300
2024-10-03,7543.828125,7543.828125,7581.333984375,7504.4072265625,7567.44921875,189365800
2024-10-04,7496.0908203125,7496.0908203125,7549.23291015625,7467.7958984375,7531.7919921875,223945300
2024-10-07,7504.134765625,7504.134765625,7540.23583984375,7450.1982421875,7493.6572265625,235809600
2024-10-08,7557.14208984375,7557.14208984375,7592.8837890625,7449.47900390625,7486.72119140625,194830700
2024-10-09,7501.28515625,7501.28515625,7595.576171875,7501.216796875,7556.55517578125,169190500
2024-10-10,7480.080078125,7480.080078125,7528.953125,7467.81884765625,7501.869140625,157952700
2024-10-11,7520.60205078125,7520.60205078125,7549.541015625,7506.27587890625,7520.52978515625,159472100
2024-10-14,7559.65478515625,7559.65478515625,7570.26708984375,7518.81298828125,7518.81298828125,205872100
2024-10-15,7626.951171875,7626.951171875,7635.0439453125,7573.4521484375,7579.0458984375,218732600
2024-10-16,7648.93994140625,7648.93994140625,7658.39794921875,7616.60400390625,7645.2119140625,197424300
2024-10-17,7735.0390625,7735.0390625,7758.669921875,7657.72119140625,7661.0732421875,224594300
2024-10-18,7760.06005859375,7760.06005859375,7790.7109375,7718.6767578125,7762.15185546875,234291900
2024-10-21,7772.59619140625,7772.59619140625,7795.0869140625,7739.88720703125,7780.2451171875,246855900
2024-10-22,7788.98291015625,7788.98291015625,7801.40380859375,7731.9609375,7752.3837890625,286785700
2024-10-23,7787.56494140625,7787.56494140625,7805.9169921875,7761.251953125,7774.009765625,269650200
2024-10-24,7716.548828125,7716.548828125,7794.86279296875,7716.548828125,7778.65576171875,242869700
2024-10-25,7694.66015625,7694.66015625,7752.2509765625,7678.17822265625,7717.42578125,205788500
2024-10-28,7634.630859375,7634.630859375,7714.73876953125,7599.62109375,7705.873046875,197205700
2024-10-29,7606.60009765625,7606.60009765625,7666.43017578125,7587.2099609375,7625.4677734375,182774700
2024-10-30,7569.85009765625,7569.85009765625,7581.9091796875,7521.73486328125,7558.7958984375,168203300
2024-10-31,7574.01904296875,7574.01904296875,7617.36279296875,7558.68310546875,7569.71923828125,203290200
2024-11-01,7505.2568359375,7505.2568359375,7583.68798828125,7485.45703125,7573.7939453125,155270800
2024-11-04,7479.5029296875,7479.5029296875,7529.703125,7415.80908203125,7505.11083984375,212287900
2024-11-05,7491.93115234375,7491.93115234375,7496.99609375,7451.5478515625,7474.4521484375,182653900
2024-11-06,7383.8681640625,7383.8681640625,7506.60107421875,7363.03076171875,7495.130859375,235788800
2024-11-07,7243.85986328125,7243.85986328125,7381.7578125,7243.85986328125,7373.56689453125,204087800
2024-11-08,7287.19091796875,7287.19091796875,7350.36181640625,7263.9619140625,7263.9619140625,148863600
2024-11-11,7266.4599609375,7266.4599609375,7282.19580078125,7182.31201171875,7259.2900390625,221004900
2024-11-12,7321.98583984375,7321.98583984375,7344.07421875,7268.60888671875,7271.173828125,287694700
2024-11-13,7308.6708984375,7308.6708984375,7370.39306640625,7304.873046875,7344.0078125,226286700
2024-11-14,7214.56103515625,7214.56103515625,7318.77587890625,7214.56103515625,7303.90087890625,209423400
2024-11-15,7161.2578125,7161.2578125,7241.6591796875,7122.67578125,7192.208984375,213100000
2024-11-18,7134.27685546875,7134.27685546875,7174.7529296875,7118.869140625,7152.076171875,191734000
2024-11-19,7195.71484375,7195.71484375,7229.8310546875,7136.69091796875,7140.19482421875,205098000
2024-11-20,7180.3349609375,7180.3349609375,7229.7060546875,7171.26513671875,7213.9951171875,164074200
2024-11-21,7140.912109375,7140.912109375,7209.35791015625,7140.912109375,7168.326171875,155717100
2024-11-22,7195.56494140625,7195.56494140625,7215.68701171875,7154.4521484375,7154.68212890625,205841500
2024-11-25,7314.10791015625,7314.10791015625,7329.4921875,7218.828125,7218.9521484375,264819900
2024-11-26,7245.88818359375,7245.88818359375,7341.59521484375,7245.88818359375,7329.5322265625,164096700
2024-11-28,7200.1572265625,7200.1572265625,7249.69287109375,7195.66796875,7215.9072265625,178995100
2024-11-29,7114.26611328125,7114.26611328125,7189.12890625,7107.2841796875,7168.00390625,218431100
2024-12-02,7046.98583984375,7046.98583984375,7153.02978515625,7041.341796875,7117.75390625,163941100
2024-12-03,7196.01708984375,7196.01708984375,7196.01708984375,7102.216796875,7104.93017578125,176316700
2024-12-04,7326.76416015625,7326.76416015625,7328.32421875,7187.47802734375,7198.09814453125,166379200
2024-12-05,7313.31298828125,7313.31298828125,7338.60400390625,7283.5,7326.02392578125,131417800
2024-12-06,7382.78515625,7382.78515625,7382.80908203125,7287.59619140625,7302.6650390625,130161700
2024-12-09,7437.73095703125,7437.73095703125,7440.97900390625,7380.66015625,7382.61376953125,230130900
2024-12-10,7453.287109375,7453.287109375,7457.80517578125,7396.7900390625,7448.76806640625,203350400
2024-12-11,7464.751953125,7464.751953125,7530.55908203125,7444.173828125,7444.85888671875,235486300
2024-12-12,7394.23779296875,7394.23779296875,7470.89404296875,7380.02685546875,7441.97314453125,147665300
2024-12-13,7324.7890625,7324.7890625,7399.89697265625,7324.7890625,7379.7509765625,120050700
2024-12-16,7258.630859375,7258.630859375,7320.794921875,7204.65380859375,7304.2177734375,186546900
2024-12-17,7157.73193359375,7157.73193359375,7263.31494140625,7132.05712890625,7238.173828125,157427600
2024-12-18,7107.875,7107.875,7216.8828125,7105.06787109375,7168.966796875,122373300
2024-12-19,6977.23779296875,6977.23779296875,7040.548828125,6951.0517578125,7034.6171875,170862900
2024-12-20,6983.865234375,6983.865234375,7032.40087890625,6931.5810546875,6980.1748046875,145749700
2024-12-23,7096.44482421875,7096.44482421875,7096.44482421875,7035.72705078125,7037.52978515625,138664700
2024-12-24,7065.74609375,7065.74609375,7120.576171875,7063.7548828125,7115.63720703125,110632900
2024-12-27,7036.57080078125,7036.57080078125,7100.27001953125,7024.71484375,7073.375,144277600
2024-12-30,7079.90478515625,7079.90478515625,7079.90478515625,6993.07177734375,7026.77685546875,159672400
2025-01-02,7163.205078125,7163.205078125,7163.205078125,7088.31982421875,7092.42919921875,161752600
2025-01-03,7164.42919921875,7164.42919921875,7197.0078125,7135.27587890625,7177.25,182944400
2025-01-06,7080.47412109375,7080.47412109375,7182.01904296875,7073.9541015625,7176.1162109375,192190300
2025-01-07,7083.2841796875,7083.2841796875,7103.18505859375,7029.51220703125,7074.259765625,144709900
2025-01-08,7080.35205078125,7080.35205078125,7129.2939453125,7046.169921875,7099.658203125,147124800
2025-01-09,7064.587890625,7064.587890625,7106.4580078125,7062.09521484375,7093.25390625,148465600
2025-01-10,7088.8662109375,7088.8662109375,7121.62890625,7074.14404296875,7076.90478515625,166170500
2025-01-13,7016.87890625,7016.87890625,7089.56982421875,6986.5927734375,7076.6982421875,149887800
2025-01-14,6956.6650390625,6956.6650390625,7042.3310546875,6956.6650390625,7014.798828125,151037100
2025-01-15,7079.56201171875,7079.56201171875,7084.56494140625,6977.77294921875,6992.84814453125,173538400
2025-01-16,7107.51904296875,7107.51904296875,7190.61181640625,7071.9111328125,7165.17578125,144790100
2025-01-17,7154.658203125,7154.658203125,7178.81494140625,7084.2978515625,7115.05322265625,197761000
2025-01-20,7170.73681640625,7170.73681640625,7201.60693359375,7165.44384765625,7188.40185546875,183080100
2025-01-21,7181.81982421875,7181.81982421875,7221.73095703125,7176.33203125,7207.59423828125,176177100
2025-01-22,7257.1279296875,7257.1279296875,7267.48681640625,7223.255859375,7227.02197265625,146457400
2025-01-23,7232.64306640625,7232.64306640625,7324.6259765625,7232.64306640625,7275.0009765625,142025900
2025-01-24,7166.05615234375,7166.05615234375,7261.4482421875,7166.05615234375,7255.02294921875,122224300
2025-01-30,7073.47802734375,7073.47802734375,7150.29296875,7042.68798828125,7142.787109375,156862200
2025-01-31,7109.19580078125,7109.19580078125,7174.7451171875,7095.67822265625,7113.5751953125,125561900
2025-02-03,7030.05810546875,7030.05810546875,7089.69677734375,6933.14306640625,7087.751953125,135419500
2025-02-04,7073.458984375,7073.458984375,7125.94287109375,7037.625,7051.48486328125,250749100
2025-02-05,7024.22802734375,7024.22802734375,7079.4619140625,7002.52099609375,7071.5771484375,247130700
2025-02-06,6875.5361328125,6875.5361328125,7033.619140625,6830.11181640625,7030.18896484375,170868800
2025-02-07,6742.576171875,6742.576171875,6769.78076171875,6656.72412109375,6758.10400390625,152142600
2025-02-10,6648.14208984375,6648.14208984375,6713.9521484375,6585.98486328125,6681.23388671875,153503000
2025-02-11,6531.990234375,6531.990234375,6658.23095703125,6500.4638671875,6629.81494140625,146025200
2025-02-12,6645.77783203125,6645.77783203125,6645.77783203125,6537.47607421875,6540.94677734375,141288200
2025-02-13,6613.56787109375,6613.56787109375,6647.10498046875,6565.77685546875,6637.419921875,126053300
2025-02-14,6638.458984375,6638.458984375,6679.39697265625,6609.6708984375,6640.130859375,121300000
2025-02-17,6830.8818359375,6830.8818359375,6830.8818359375,6658.22021484375,6663.30517578125,136644900
2025-02-18,6873.55419921875,6873.55419921875,6908.7001953125,6830.77587890625,6847.76611328125,158584300
2025-02-19,6794.8681640625,6794.8681640625,6886.9228515625,6773.9072265625,6877.1572265625,159932500
2025-02-20,6788.0419921875,6788.0419921875,6836.72314453125,6755.43017578125,6796.669921875,168907900
2025-02-21,6803.0009765625,6803.0009765625,6814.8662109375,6758.35302734375,6788.89599609375,131140300
2025-02-24,6749.60107421875,6749.60107421875,6818.7939453125,6732.4091796875,6801.67578125,156247700
2025-02-25,6587.0869140625,6587.0869140625,6772.64990234375,6576.96923828125,6749.43701171875,194167900
2025-02-26,6606.17822265625,6606.17822265625,6682.869140625,6547.2412109375,6627.02099609375,135195100
2025-02-27,6485.4482421875,6485.4482421875,6626.259765625,6443.22021484375,6609.88818359375,156489700
2025-02-28,6270.59716796875,6270.59716796875,6447.8828125,6246.27880859375,6446.64404296875,196893700
2025-03-03,6519.658203125,6519.658203125,6570.951171875,6347.09521484375,6362.14892578125,170810200
2025-03-04,6380.40087890625,6380.40087890625,6528.96923828125,6361.40380859375,6524.701171875,149084200
2025-03-05,6531.39892578125,6531.39892578125,6570.81982421875,6404.68896484375,6404.68896484375,143533500
2025-03-06,6617.84716796875,6617.84716796875,6667.89306640625,6573.798828125,6577.84521484375,138941500
2025-03-07,6636.0,6636.0,6682.93798828125,6577.83203125,6631.31103515625,198389400
2025-03-10,6598.2119140625,6598.2119140625,6629.44189453125,6568.1259765625,6618.9169921875,153564400
2025-03-11,6545.85009765625,6545.85009765625,6567.5849609375,6499.041015625,6535.8701171875,150016300
2025-03-12,6665.044921875,6665.044921875,6665.044921875,6566.203125,6566.798828125,139690400
2025-03-13,6647.4169921875,6647.4169921875,6707.38623046875,6618.5390625,6700.10693359375,139851000
2025-03-14,6515.630859375,6515.630859375,6632.078125,6514.69189453125,6623.69091796875,122970500
2025-03-17,6471.94677734375,6471.94677734375,6557.41015625,6445.97509765625,6490.6708984375,126321100
2025-03-18,6223.38818359375,6223.38818359375,6465.22412109375,6011.841796875,6458.666015625,233069600
2025-03-19,6311.66015625,6311.66015625,6332.73486328125,6147.42578125,6221.19580078125,126795800
2025-03-20,6381.673828125,6381.673828125,6446.88916015625,6353.69384765625,6372.61083984375,146168800
2025-03-21,6258.17919921875,6258.17919921875,6426.1650390625,6218.60107421875,6418.39013671875,190225100
2025-03-24,6161.2177734375,6161.2177734375,6269.90380859375,5967.19384765625,6242.23486328125,124187900
2025-03-25,6235.619140625,6235.619140625,6265.2958984375,6178.490234375,6197.98681640625,111267000
2025-03-26,6472.35595703125,6472.35595703125,6489.14892578125,6312.966796875,6314.3291015625,159762700
2025-03-27,6510.6201171875,6510.6201171875,6510.6201171875,6417.240234375,6462.59619140625,121855500
2025-04-08,5996.14208984375,5996.14208984375,6036.55419921875,5882.60498046875,5914.2880859375,184790800
2025-04-09,5967.98779296875,5967.98779296875,6092.412109375,5949.60107421875,5978.44091796875,150044400
2025-04-10,6254.02392578125,6254.02392578125,6310.8251953125,6188.669921875,6270.61083984375,181443500
2025-04-11,6262.22607421875,6262.22607421875,6298.77783203125,6148.77587890625,6195.56787109375,117642700
2025-04-14,6368.51708984375,6368.51708984375,6404.06982421875,6225.3369140625,6225.3369140625,149701700
2025-04-15,6441.68310546875,6441.68310546875,6497.5322265625,6395.9267578125,6444.341796875,147079600
2025-04-16,6400.05419921875,6400.05419921875,6469.59716796875,6373.7900390625,6461.27392578125,142022700
2025-04-17,6438.26904296875,6438.26904296875,6438.26904296875,6384.28515625,6407.02099609375,131124200
2025-04-21,6445.966796875,6445.966796875,6472.5380859375,6406.80322265625,6450.31396484375,108855100
2025-04-22,6538.26611328125,6538.26611328125,6538.32177734375,6428.10498046875,6455.0791015625,150312500
2025-04-23,6634.376953125,6634.376953125,6642.9150390625,6588.2568359375,6589.3271484375,184488000
2025-04-24,6613.47802734375,6613.47802734375,6697.90087890625,6585.4560546875,6671.06787109375,159090300
2025-04-25,6678.9150390625,6678.9150390625,6683.36083984375,6640.77783203125,6660.619140625,169030400
2025-04-28,6722.9658203125,6722.9658203125,6738.35205078125,6688.77978515625,6716.21484375,164549400
2025-04-29,6749.0751953125,6749.0751953125,6763.88720703125,6724.31787109375,6748.98779296875,193012300
2025-04-30,6766.794921875,6766.794921875,6791.2529296875,6725.966796875,6755.4638671875,210149800
2025-05-02,6815.72998046875,6815.72998046875,6818.27978515625,6765.8310546875,6811.10986328125,183083600
2025-05-05,6831.9521484375,6831.9521484375,6879.10888671875,6824.39697265625,6844.37109375,194998400
2025-05-06,6898.19677734375,6898.19677734375,6913.68798828125,6858.15087890625,6860.44580078125,162346800
2025-05-07,6926.22509765625,6926.22509765625,6970.5,6909.9609375,6925.251953125,187668100
2025-05-08,6827.75,6827.75,6965.93408203125,6824.64990234375,6945.98388671875,260892400
2025-05-09,6832.80322265625,6832.80322265625,6882.31787109375,6811.77294921875,6849.44921875,164380000
2025-05-14,6979.8798828125,6979.8798828125,6987.78076171875,6914.75390625,6915.95703125,272470100
2025-05-15,7040.1611328125,7040.1611328125,7076.73681640625,7002.37109375,7003.14697265625,343582300
2025-05-16,7106.52587890625,7106.52587890625,7106.52587890625,7009.84619140625,7092.23486328125,239677400
2025-05-19,7141.0908203125,7141.0908203125,7160.6591796875,7085.97314453125,7113.44287109375,227261200
2025-05-20,7094.60205078125,7094.60205078125,7202.81689453125,7088.623046875,7164.14697265625,219667500
2025-05-21,7142.4609375,7142.4609375,7170.72412109375,7109.22119140625,7114.69921875,228188900
2025-05-22,7166.98095703125,7166.98095703125,7190.6689453125,7136.7841796875,7165.10009765625,201247200
2025-05-23,7214.1630859375,7214.1630859375,7223.2529296875,7177.2451171875,7206.35791015625,152151100
2025-05-26,7188.35302734375,7188.35302734375,7240.083984375,7129.38818359375,7231.47705078125,331040000
2025-05-27,7198.966796875,7198.966796875,7212.56884765625,7162.9609375,7204.171875,245398700
2025-05-28,7175.81884765625,7175.81884765625,7237.3408203125,7166.67822265625,7223.51318359375,277488600
2025-06-02,7065.06884765625,7065.06884765625,7152.912109375,7035.837890625,7134.48681640625,240143000
2025-06-03,7044.82177734375,7044.82177734375,7090.35107421875,6994.15576171875,7071.63818359375,199730400
2025-06-04,7069.037109375,7069.037109375,7094.44677734375,7052.9140625,7083.23876953125,232777400
2025-06-05,7113.4248046875,7113.4248046875,7136.64306640625,7083.89208984375,7100.23583984375,193147800
2025-06-10,7230.7451171875,7230.7451171875,7230.7451171875,7133.37890625,7136.86279296875,265169800
2025-06-11,7222.4560546875,7222.4560546875,7239.955078125,7172.203125,7232.68115234375,262581600
2025-06-12,7204.3701171875,7204.3701171875,7237.27490234375,7191.90478515625,7219.56103515625,281607200
2025-06-13,7166.06494140625,7166.06494140625,7192.6630859375,7149.60986328125,7191.1240234375,230230400
2025-06-16,7117.5908203125,7117.5908203125,7211.5439453125,7117.5908203125,7158.90380859375,224577700
2025-06-17,7155.85205078125,7155.85205078125,7181.466796875,7143.60400390625,7163.02685546875,173034400
2025-06-18,7107.7890625,7107.7890625,7166.66796875,7089.455078125,7155.1240234375,180387400
2025-06-19,6968.63916015625,6968.63916015625,7115.90380859375,6935.009765625,7107.7861328125,222226000
2025-06-20,6907.13818359375,6907.13818359375,6956.80517578125,6873.7158203125,6948.2841796875,331625100
2025-06-23,6787.14013671875,6787.14013671875,6834.76904296875,6745.14697265625,6833.47509765625,226947900
2025-06-24,6869.1708984375,6869.1708984375,6924.96923828125,6852.11279296875,6864.27880859375,186087300
2025-06-25,6832.14306640625,6832.14306640625,6918.783203125,6814.73583984375,6908.9248046875,170914900
2025-06-26,6897.39990234375,6897.39990234375,6897.39990234375,6817.4111328125,6842.01220703125,154075100
2025-06-30,6927.67919921875,6927.67919921875,6949.27978515625,6876.2587890625,6936.06494140625,167652600
2025-07-01,6915.35986328125,6915.35986328125,6971.23876953125,6885.13818359375,6954.38623046875,149285200
2025-07-02,6881.2451171875,6881.2451171875,6905.369140625,6838.40380859375,6896.421875,182041600
2025-07-03,6878.05078125,6878.05078125,6922.73388671875,6877.43798828125,6898.630859375,154435700
2025-07-04,6865.19189453125,6865.19189453125,6916.673828125,6843.69091796875,6893.2177734375,132824800
2025-07-07,6900.93212890625,6900.93212890625,6900.93212890625,6844.86083984375,6874.0078125,120827500
2025-07-08,6904.39208984375,6904.39208984375,6916.8330078125,6885.2822265625,6892.3408203125,151801800
2025-07-09,6943.921875,6943.921875,6943.921875,6907.212890625,6918.69921875,157353100
2025-07-10,7005.37109375,7005.37109375,7013.6298828125,6955.455078125,6968.7978515625,167684600
2025-07-11,7047.43798828125,7047.43798828125,7055.794921875,7026.48779296875,7036.2958984375,165301900
2025-07-14,7097.15087890625,7097.15087890625,7136.2958984375,7071.34423828125,7130.53515625,205642100
2025-07-15,7140.47412109375,7140.47412109375,7161.8359375,7079.0,7122.0830078125,199389400
2025-07-16,7192.01806640625,7192.01806640625,7216.81396484375,7142.86181640625,7182.64501953125,227976400
2025-07-17,7287.02099609375,7287.02099609375,7291.56396484375,7226.1171875,7229.259765625,202116700
2025-07-18,7311.9150390625,7311.9150390625,7401.5791015625,7311.9150390625,7346.037109375,273828000
2025-07-21,7398.19189453125,7398.19189453125,7408.01220703125,7306.8720703125,7366.31005859375,287814600
2025-07-22,7344.73583984375,7344.73583984375,7457.380859375,7344.73583984375,7440.2861328125,279326600
2025-07-23,7469.22998046875,7469.22998046875,7469.22998046875,7354.99609375,7378.23095703125,247067700
2025-07-24,7530.90185546875,7530.90185546875,7568.22314453125,7478.36376953125,7485.08203125,242813700
2025-07-25,7543.5029296875,7543.5029296875,7552.77490234375,7515.125,7542.375,215990900
2025-07-28,7614.76806640625,7614.76806640625,7669.44580078125,7614.76806640625,7630.751953125,229532300
2025-07-29,7617.9072265625,7617.9072265625,7680.19482421875,7565.7880859375,7625.79296875,230535000
2025-07-30,7549.88818359375,7549.88818359375,7667.55615234375,7528.12890625,7642.25,282476700
2025-07-31,7484.3369140625,7484.3369140625,7566.751953125,7476.380859375,7551.244140625,325693000
2025-08-01,7537.76806640625,7537.76806640625,7579.60595703125,7523.6201171875,7545.15185546875,257331800
2025-08-04,7464.64501953125,7464.64501953125,7560.05615234375,7448.0400390625,7552.49609375,266636100
2025-08-05,7515.18505859375,7515.18505859375,7546.93994140625,7463.05810546875,7502.69482421875,246898000
2025-08-06,7503.75,7503.75,7549.26513671875,7502.01123046875,7534.44677734375,260371600
2025-08-07,7490.18310546875,7490.18310546875,7580.5498046875,7490.18310546875,7546.3359375,278225900
2025-08-08,7533.384765625,7533.384765625,7648.90283203125,7516.97705078125,7639.19287109375,234779100
2025-08-11,7605.9248046875,7605.9248046875,7630.10693359375,7559.34716796875,7589.4638671875,238319300
2025-08-12,7791.69677734375,7791.69677734375,7800.8310546875,7646.9111328125,7666.08984375,272446300
2025-08-13,7892.9111328125,7892.9111328125,7903.05322265625,7835.3017578125,7846.1240234375,323979600
2025-08-14,7931.2509765625,7931.2509765625,7973.98095703125,7905.5478515625,7909.01611328125,361821900
2025-08-15,7898.375,7898.375,8017.06787109375,7898.373046875,7967.77294921875,346947400
2025-08-19,7862.94921875,7862.94921875,7931.7587890625,7854.09521484375,7905.34521484375,358268400
2025-08-20,7943.8251953125,7943.8251953125,7952.341796875,7863.86181640625,7874.89599609375,374993100
2025-08-21,7890.71484375,7890.71484375,7932.30517578125,7848.8828125,7903.2900390625,341447000
2025-08-22,7858.85107421875,7858.85107421875,7913.38720703125,7858.85107421875,7910.09912109375,320227000
2025-08-25,7926.9072265625,7926.9072265625,7951.97802734375,7915.05419921875,7921.02099609375,376267300
2025-08-26,7905.7568359375,7905.7568359375,7978.06689453125,7881.208984375,7971.787109375,504946100
2025-08-27,7936.17578125,7936.17578125,7945.44482421875,7894.7587890625,7923.0029296875,357580800
2025-08-28,7952.087890625,7952.087890625,8022.7578125,7941.93896484375,7951.865234375,399326600
2025-08-29,7830.4931640625,7830.4931640625,7913.85986328125,7765.59619140625,7899.88720703125,481348100
2025-09-01,7736.06591796875,7736.06591796875,7783.41796875,7547.56396484375,7620.09912109375,358661000
2025-09-02,7801.5849609375,7801.5849609375,7842.298828125,7771.333984375,7771.333984375,347812700
2025-09-03,7885.86279296875,7885.86279296875,7911.6181640625,7840.7509765625,7843.6318359375,351685500
2025-09-04,7867.34814453125,7867.34814453125,7899.7958984375,7855.7421875,7873.8427734375,362349800
2025-09-08,7766.84912109375,7766.84912109375,7934.9912109375,7766.84912109375,7929.06298828125,336787200
2025-09-09,7628.60498046875,7628.60498046875,7791.333984375,7619.716796875,7748.51220703125,335416000
2025-09-10,7699.0068359375,7699.0068359375,7726.376953125,7661.27978515625,7682.421875,263174400
2025-09-11,7747.90478515625,7747.90478515625,7819.09814453125,7742.59912109375,7781.1708984375,289797900
2025-09-12,7854.06005859375,7854.06005859375,7854.81201171875,7790.7939453125,7819.001953125,289619100
2025-09-15,7937.1181640625,7937.1181640625,7937.1181640625,7889.18896484375,7891.26416015625,345056100
2025-09-16,7957.69580078125,7957.69580078125,7985.576171875,7899.66796875,7979.31982421875,401395800
2025-09-17,8025.17919921875,8025.17919921875,8025.17919921875,7940.51318359375,7964.423828125,323654400
2025-09-18,8008.43310546875,8008.43310546875,8068.0087890625,7993.51708984375,8065.7431640625,378167700
2025-09-19,8051.1181640625,8051.1181640625,8051.1181640625,7983.35693359375,7996.19580078125,423577900
2025-09-22,8040.0390625,8040.0390625,8087.92919921875,8005.34912109375,8082.2587890625,345468800
2025-09-23,8125.201171875,8125.201171875,8125.201171875,8039.94677734375,8066.294921875,518663700
2025-09-24,8126.55810546875,8126.55810546875,8169.01708984375,8077.83984375,8161.2841796875,454412900
2025-09-25,8040.6650390625,8040.6650390625,8146.08984375,8022.97900390625,8130.02197265625,483927800
2025-09-26,8099.3330078125,8099.3330078125,8099.3330078125,8034.998046875,8051.76220703125,351966900
2025-09-29,8123.2451171875,8123.2451171875,8157.330078125,8100.01708984375,8139.5791015625,439450000
2025-09-30,8061.06201171875,8061.06201171875,8150.341796875,8042.8232421875,8137.634765625,461651600
2025-10-01,8043.82177734375,8043.82177734375,8093.69384765625,8034.25,8069.93701171875,536747800
2025-10-02,8071.0810546875,8071.0810546875,8109.43603515625,8059.048828125,8070.4248046875,402266500
2025-10-03,8118.30078125,8118.30078125,8118.30078125,8076.59716796875,8099.64501953125,428024700
2025-10-06,8139.89404296875,8139.89404296875,8176.30810546875,8104.5517578125,8155.365234375,429540400
2025-10-07,8169.28076171875,8169.28076171875,8217.0458984375,8153.712890625,8182.65576171875,426851900
2025-10-08,8166.02880859375,8166.02880859375,8224.64453125,8044.93310546875,8201.140625,355267800
2025-10-09,8250.9384765625,8250.9384765625,8272.6318359375,8159.94482421875,8187.7001953125,347199100
2025-10-10,8257.859375,8257.859375,8270.33203125,8194.046875,8259.0751953125,366345900
2025-10-13,8227.2021484375,8227.2021484375,8288.279296875,8133.626953125,8169.64892578125,366939200
2025-10-14,8066.52197265625,8066.52197265625,8284.91015625,7974.02978515625,8269.48046875,440487100
2025-10-15,8051.1748046875,8051.1748046875,8132.52197265625,7936.37109375,8107.298828125,329138800
2025-10-16,8124.7568359375,8124.7568359375,8148.044921875,8030.77685546875,8064.67919921875,246641300
2025-10-17,7915.65576171875,7915.65576171875,8140.59716796875,7854.30712890625,8132.7470703125,353739000
2025-10-20,8088.97802734375,8088.97802734375,8117.26904296875,7937.384765625,7988.4482421875,307599100
2025-10-21,8238.083984375,8238.083984375,8238.083984375,8161.19384765625,8165.69189453125,281761500
2025-10-22,8152.55322265625,8152.55322265625,8261.84375,8141.98583984375,8235.69921875,275367500
2025-10-23,8274.3515625,8274.3515625,8292.8876953125,8179.61279296875,8179.8837890625,281648700
2025-10-24,8271.7216796875,8271.7216796875,8351.05859375,8271.7216796875,8294.8916015625,238196400
2025-10-27,8117.15087890625,8117.15087890625,8354.6728515625,7959.1689453125,8322.216796875,359000200
2025-10-28,8092.62890625,8092.62890625,8151.3349609375,8039.85107421875,8144.4248046875,282866700
2025-10-29,8166.22412109375,8166.22412109375,8169.13916015625,8042.6298828125,8107.3759765625,248336300
2025-10-30,8184.06396484375,8184.06396484375,8231.8828125,8145.60400390625,8176.36083984375,326703000
2025-10-31,8163.875,8163.875,8215.5458984375,8144.0771484375,8202.5234375,245393300
2025-11-03,8275.083984375,8275.083984375,8282.16015625,8201.3642578125,8208.0302734375,338112200
2025-11-04,8241.9111328125,8241.9111328125,8317.076171875,8225.9111328125,8275.953125,254611100
2025-11-05,8318.5263671875,8318.5263671875,8318.5263671875,8181.90380859375,8213.6005859375,333837700
2025-11-06,8337.0576171875,8337.0576171875,8362.916015625,8289.890625,8354.6796875,229181000
2025-11-07,8394.58984375,8394.58984375,8398.7646484375,8332.6005859375,8346.5771484375,227520700
2025-11-10,8391.240234375,8391.240234375,8478.1484375,8391.240234375,8443.3203125,415934000
2025-11-11,8366.5146484375,8366.5146484375,8443.6865234375,8338.396484375,8437.958984375,677885600
2025-11-12,8388.56640625,8388.56640625,8428.9482421875,8377.4970703125,8392.2802734375,491096300
2025-11-13,8371.9990234375,8371.9990234375,8418.1630859375,8354.8359375,8412.826171875,534184900
2025-11-14,8370.435546875,8370.435546875,8417.134765625,8360.9365234375,8378.12890625,422843300
2025-11-17,8416.8818359375,8416.8818359375,8452.3291015625,8391.9951171875,8397.8359375,382110500
2025-11-18,8361.92578125,8361.92578125,8442.865234375,8341.9033203125,8427.3984375,374837900
2025-11-19,8406.5771484375,8406.5771484375,8426.6328125,8375.5751953125,8384.3623046875,394548300
2025-11-20,8419.9169921875,8419.9169921875,8491.427734375,8419.9169921875,8449.5419921875,319147400
2025-11-21,8414.3515625,8414.3515625,8432.6025390625,8361.271484375,8403.9013671875,288992600
2025-11-24,8570.25390625,8570.25390625,8570.25390625,8429.4638671875,8458.29296875,471629100
2025-11-25,8521.884765625,8521.884765625,8574.384765625,8487.220703125,8570.845703125,414092000
2025-11-26,8602.1298828125,8602.1298828125,8602.1298828125,8503.146484375,8533.8857421875,498634000
2025-11-27,8545.865234375,8545.865234375,8622.267578125,8521.49609375,8611.328125,463624300
2025-11-28,8508.7060546875,8508.7060546875,8572.359375,8495.205078125,8555.65625,386357400
2025-12-01,8548.7880859375,8548.7880859375,8553.6162109375,8493.2451171875,8541.5390625,433587600
2025-12-02,8617.04296875,8617.04296875,8625.6357421875,8564.6953125,8577.6064453125,405114200
2025-12-03,8611.787109375,8611.787109375,8669.1865234375,8591.806640625,8655.017578125,432093300
2025-12-04,8640.1962890625,8640.1962890625,8650.296875,8606.9033203125,8646.646484375,447262700
2025-12-05,8632.7607421875,8632.7607421875,8689.0986328125,8617.0380859375,8658.8896484375,421538600
2025-12-08,8710.6953125,8710.6953125,8720.0908203125,8642.0615234375,8676.7265625,525913600
2025-12-09,8657.1787109375,8657.1787109375,8749.2626953125,8626.845703125,8743.208984375,498676700
2025-12-10,8700.923828125,8700.923828125,8720.880859375,8668.6064453125,8713.7109375,623753400
2025-12-11,8620.4814453125,8620.4814453125,8776.9697265625,8560.10546875,8764.0908203125,667238000
2025-12-12,8660.4990234375,8660.4990234375,8680.041015625,8585.421875,8651.765625,457344900
2025-12-15,8649.662109375,8649.662109375,8720.6826171875,8622.9853515625,8705.2392578125,553538600
2025-12-16,8686.46875,8686.46875,8700.861328125,8611.3466796875,8696.6962890625,431043000
2025-12-17,8677.3447265625,8677.3447265625,8729.4658203125,8660.748046875,8708.3271484375,341969700
2025-12-18,8618.1953125,8618.1953125,8730.708984375,8618.1953125,8705.1376953125,328562900
2025-12-19,8609.55078125,8609.55078125,8671.767578125,8562.8876953125,8657.2421875,307160800
2025-12-22,8645.84375,8645.84375,8648.794921875,8609.388671875,8629.24609375,374939200
2025-12-23,8584.7822265625,8584.7822265625,8667.7333984375,8566.9951171875,8656.6533203125,329812800
2025-12-24,8537.9111328125,8537.9111328125,8611.3330078125,8525.1005859375,8597.3876953125,280698800
2025-12-29,8644.255859375,8644.255859375,8652.1826171875,8545.7216796875,8545.7216796875,334277800
2025-12-30,8646.9384765625,8646.9384765625,8663.66796875,8584.865234375,8627.400390625,308173000
2026-01-02,8748.1318359375,8748.1318359375,8748.1318359375,8664.974609375,8676.7412109375,471863900
2026-01-05,8859.19140625,8859.19140625,8859.19140625,8732.3193359375,8778.732421875,665735100
2026-01-06,8933.609375,8933.609375,8940.109375,8839.01171875,8890.720703125,630432800
2026-01-07,8944.8134765625,8944.8134765625,8970.869140625,8916.029296875,8959.0908203125,655409500
2026-01-08,8925.470703125,8925.470703125,9002.919921875,8918.4052734375,8946.7001953125,489316100
2026-01-09,8936.75390625,8936.75390625,8981.021484375,8908.1728515625,8969.1513671875,499545200
2026-01-12,8884.72265625,8884.72265625,9000.966796875,8715.4111328125,8991.759765625,697907000
2026-01-13,8948.302734375,8948.302734375,8956.7265625,8841.017578125,8931.2421875,538438100
2026-01-14,9032.583984375,9032.583984375,9049.2978515625,8979.6015625,9007.052734375,580700100
2026-01-15,9075.40625,9075.40625,9100.8251953125,9040.998046875,9072.2958984375,446899000
2026-01-19,9133.873046875,9133.873046875,9133.873046875,9025.998046875,9098.7021484375,541550600
2026-01-20,9134.7001953125,9134.7001953125,9174.4736328125,9120.154296875,9156.189453125,606446200
2026-01-21,9010.330078125,9010.330078125,9105.2314453125,8977.6806640625,9094.4306640625,553244200
2026-01-22,8992.1826171875,8992.1826171875,9109.7099609375,8992.1337890625,9052.16796875,661020800
2026-01-23,8951.009765625,8951.009765625,9039.666015625,8837.828125,9031.494140625,587299800
2026-01-26,8975.333984375,8975.333984375,9058.0458984375,8923.52734375,8967.7275390625,491763600
2026-01-27,8980.23046875,8980.23046875,8980.23046875,8873.4765625,8974.5654296875,536008400
2026-01-28,8320.5556640625,8320.5556640625,8596.171875,8187.73486328125,8393.513671875,557055000
2026-01-29,8232.203125,8232.203125,8296.94140625,7481.98779296875,8027.828125,906233100
2026-01-30,8329.6064453125,8329.6064453125,8408.2998046875,8167.15576171875,8308.724609375,478640200
2026-02-02,7922.73095703125,7922.73095703125,8313.0576171875,7820.22509765625,8306.1630859375,444961400
2026-02-03,8122.59716796875,8122.59716796875,8122.59716796875,7712.34814453125,7888.77099609375,545340400
2026-02-04,8146.716796875,8146.716796875,8194.68359375,8050.39599609375,8121.033203125,404556000
2026-02-05,8103.87890625,8103.87890625,8214.4609375,8102.7861328125,8154.60400390625,323626200
2026-02-06,7935.259765625,7935.259765625,8025.14013671875,7861.68505859375,7945.0400390625,312234100
2026-02-09,8031.8740234375,8031.8740234375,8031.8740234375,7863.005859375,7970.02197265625,310222600
2026-02-10,8131.73779296875,8131.73779296875,8140.86181640625,8011.1298828125,8031.58203125,374472200
2026-02-11,8290.9658203125,8290.9658203125,8290.9658203125,8118.1630859375,8152.78515625,545693700
2026-02-12,8265.3515625,8265.3515625,8334.0224609375,8220.150390625,8317.240234375,379401500
2026-02-13,8212.271484375,8212.271484375,8251.9892578125,8170.5869140625,8240.005859375,434442400
2026-02-18,8310.2265625,8310.2265625,8310.2265625,8227.4521484375,8235.80859375,459026600
2026-02-19,8274.0810546875,8274.0810546875,8376.19921875,8251.8115234375,8357.4453125,435377400
2026-02-20,8271.7666015625,8271.7666015625,8328.4208984375,8236.7529296875,8300.2216796875,400251500
2026-02-23,8396.08203125,8396.08203125,8397.0654296875,8327.5693359375,8334.54296875,443116900
2026-02-24,8280.8330078125,8280.8330078125,8437.0888671875,8259.4775390625,8428.0498046875,509728100
2026-02-25,8322.228515625,8322.228515625,8373.4833984375,8259.7470703125,8318.14453125,441816300
2026-02-26,8235.26171875,8235.26171875,8358.95703125,8139.82421875,8351.3623046875,450264700
2026-02-27,8235.4853515625,8235.4853515625,8246.9541015625,8093.7490234375,8211.3046875,441200100
2026-03-02,8016.8330078125,8016.8330078125,8133.69189453125,8016.8330078125,8092.90478515625,527702300
2026-03-03,7939.76708984375,7939.76708984375,8098.39208984375,7932.52001953125,8059.8681640625,396162400
2026-03-04,7577.06396484375,7577.06396484375,7897.81201171875,7486.32080078125,7896.376953125,485472100
2026-03-05,7710.537109375,7710.537109375,7765.61279296875,7678.533203125,7695.34716796875,303915000
2026-03-06,7585.68701171875,7585.68701171875,7700.31787109375,7500.0849609375,7699.47314453125,291110400
2026-03-09,7337.369140625,7337.369140625,7403.73291015625,7156.68310546875,7374.31103515625,406185700
2026-03-10,7440.9130859375,7440.9130859375,7499.82421875,7372.8232421875,7443.0458984375,309617900
2026-03-11,7389.39892578125,7389.39892578125,7527.31884765625,7380.80810546875,7484.77392578125,253162500
2026-03-12,7362.1171875,7362.1171875,7436.4970703125,7323.7421875,7398.85302734375,234355700
2026-03-13,7137.2119140625,7137.2119140625,7350.27978515625,7132.2109375,7338.82421875,256288700
2026-03-16,7022.2880859375,7022.2880859375,7120.18505859375,6917.32177734375,7115.451171875,264167600
2026-03-17,7106.8388671875,7106.8388671875,7148.2509765625,7059.89013671875,7074.61083984375,226881800
2026-03-25,7302.12109375,7302.12109375,7302.12109375,7057.22314453125,7084.6220703125,346637800
2026-03-26,7164.0908203125,7164.0908203125,7323.7021484375,7152.591796875,7313.6650390625,257658000
2026-03-27,7097.05712890625,7097.05712890625,7154.55810546875,7070.2119140625,7136.3662109375,171896900
2026-03-30,7091.669921875,7091.669921875,7104.64208984375,6945.501953125,7020.5322265625,221811800
2026-03-31,7048.22216796875,7048.22216796875,7155.5478515625,7031.10498046875,7122.9921875,231095700
2026-04-01,7184.43798828125,7184.43798828125,7207.166015625,7136.2490234375,7149.2529296875,295360000
2026-04-02,7026.7822265625,7026.7822265625,7161.796875,7019.23388671875,7153.11376953125,225269500
2026-04-06,6989.42578125,6989.42578125,7009.22998046875,6934.88916015625,7001.56005859375,252607400
2026-04-07,6971.02685546875,6971.02685546875,7022.041015625,6942.626953125,7001.27783203125,225664500
2026-04-08,7279.208984375,7279.208984375,7281.86279296875,7118.5810546875,7162.40576171875,380025400
2026-04-09,7307.5888671875,7307.5888671875,7308.578125,7191.5859375,7238.4619140625,258635500
2026-04-10,7458.49609375,7458.49609375,7488.01708984375,7346.494140625,7346.494140625,355891700
2026-04-13,7500.18701171875,7500.18701171875,7527.873046875,7351.36083984375,7410.0849609375,373963700
2026-04-14,7675.951171875,7675.951171875,7686.35498046875,7592.744140625,7598.7958984375,487814900
2026-04-15,7623.5859375,7623.5859375,7773.578125,7623.5859375,7750.89599609375,463335700
2026-04-16,7621.3818359375,7621.3818359375,7705.02978515625,7575.52685546875,7663.3408203125,364955200
2026-04-17,7634.00390625,7634.00390625,7673.85693359375,7607.9609375,7645.80517578125,359890300
2026-04-20,7594.11083984375,7594.11083984375,7692.14501953125,7570.4248046875,7663.39501953125,375256000
2026-04-21,7559.3798828125,7559.3798828125,7568.98876953125,7511.828125,7560.28515625,405582600
2026-04-22,7541.61181640625,7541.61181640625,7578.05078125,7513.93896484375,7528.3427734375,459264700
2026-04-23,7378.60595703125,7378.60595703125,7582.501953125,7378.60595703125,7564.41796875,503505300
2026-04-24,7129.490234375,7129.490234375,7383.39990234375,7115.97119140625,7378.07177734375,415830600
2026-04-27,7106.52001953125,7106.52001953125,7230.0322265625,7106.52001953125,7158.5068359375,292563300
2026-04-28,7072.39208984375,7072.39208984375,7151.505859375,7032.98388671875,7128.4658203125,272860900
2026-04-29,7101.22607421875,7101.22607421875,7126.06298828125,7063.9921875,7096.60888671875,398389400
2026-04-30,6956.80419921875,6956.80419921875,7109.00390625,6876.576171875,7103.255859375,451512600
2026-05-04,6971.953125,6971.953125,7069.69482421875,6946.05615234375,6988.916015625,553310400
2026-05-05,7057.10595703125,7057.10595703125,7069.20703125,6921.60888671875,6968.56591796875,364949700
2026-05-06,7092.466796875,7092.466796875,7127.72119140625,7049.919921875,7086.33984375,338543400
2026-05-07,7174.32080078125,7174.32080078125,7207.0751953125,7107.1748046875,7160.7890625,327636900
2026-05-08,6969.39599609375,6969.39599609375,7186.830078125,6969.39599609375,7182.9609375,393674100
2026-05-11,6905.6201171875,6905.6201171875,7001.67919921875,6846.6318359375,6959.94287109375,353618500
2026-05-12,6858.89892578125,6858.89892578125,6977.2861328125,6762.8779296875,6946.84521484375,291969900
2026-05-13,6723.31982421875,6723.31982421875,6787.34521484375,6705.43310546875,6763.94482421875,263137300
2026-05-18,6599.240234375,6599.240234375,6631.2822265625,6398.7861328125,6628.97607421875,280639000
2026-05-19,6370.67919921875,6370.67919921875,6635.126953125,6323.26416015625,6599.212890625,409331400
2026-05-20,6318.5,6318.5,6459.55615234375,6215.56201171875,6352.2021484375,369455900
2026-05-21,6094.94091796875,6094.94091796875,6378.81103515625,6080.9541015625,6366.48486328125,318636000
2026-05-22,6162.044921875,6162.044921875,6171.966796875,5966.85986328125,6065.6259765625,313365000
2026-05-25,6206.34912109375,6206.34912109375,6239.59423828125,6124.578125,6187.65478515625,240896500
2026-05-26,6130.18994140625,6130.18994140625,6286.8720703125,6124.7939453125,6201.80419921875,210088300
2026-05-29,6127.380859375,6127.380859375,6230.5,6111.97119140625,6112.77001953125,391356100
2026-06-02,6195.4267578125,6195.4267578125,6264.26123046875,6143.625,6210.00390625,253584400
2026-06-03,5941.06591796875,5941.06591796875,6213.80078125,5841.99609375,6207.10205078125,344582700
2026-06-04,5839.78515625,5839.78515625,5924.5078125,5644.23388671875,5919.56494140625,325839700
2026-06-05,5594.76513671875,5594.76513671875,5860.6708984375,5594.11083984375,5846.4912109375,242414700
2026-06-08,5342.13720703125,5342.13720703125,5523.94189453125,5317.908203125,5486.31103515625,259538800
2026-06-09,5746.64794921875,5746.64794921875,5746.64794921875,5318.14501953125,5344.68798828125,353501300
2026-06-10,5902.3759765625,5902.3759765625,5942.94287109375,5677.96484375,5744.05908203125,401184200
2026-06-11,5886.0322265625,5886.0322265625,6010.48779296875,5784.505859375,5899.26513671875,241605500
2026-06-12,6007.65576171875,6007.65576171875,6074.07177734375,5952.85205078125,5960.4150390625,324098600
2026-06-15,6254.9658203125,6254.9658203125,6345.798828125,6118.076171875,6118.72509765625,471692100
2026-06-17,6220.740234375,6220.740234375,6377.18994140625,6179.666015625,6321.9609375,274699900
2026-06-18,6172.33984375,6172.33984375,6197.1708984375,6073.72412109375,6191.89111328125,215751200
2026-06-19,6177.13916015625,6177.13916015625,6215.06298828125,6117.30908203125,6161.4560546875,266832600
2026-06-22,6116.68994140625,6116.68994140625,6226.716796875,6052.93701171875,6217.048828125,180410600
2026-06-23,6101.3330078125,6101.3330078125,6121.77490234375,5993.037109375,6096.4990234375,198230600
2026-06-24,5883.880859375,5883.880859375,6171.3798828125,5876.93408203125,6128.27099609375,228307800
2026-06-25,5999.0380859375,5999.0380859375,6056.2001953125,5864.00390625,5873.06982421875,187930400
2026-06-26,5896.1337890625,5896.1337890625,6045.2578125,5830.14404296875,6010.3388671875,171995200
2026-06-29,5820.7900390625,5820.7900390625,5942.77197265625,5800.2890625,5932.02880859375,117823200
2026-06-30,5643.19384765625,5643.19384765625,5811.6689453125,5638.57421875,5801.4541015625,177538200
2026-07-01,5695.1162109375,5695.1162109375,5737.73583984375,5607.451171875,5640.61083984375,157577500
2026-07-02,5744.55615234375,5744.55615234375,5806.71484375,5704.4990234375,5709.841796875,172862900
2026-07-03,5875.77978515625,5875.77978515625,5899.3017578125,5805.921875,5806.1669921875,158006000
2026-07-06,5916.06982421875,5916.06982421875,5935.68310546875,5857.35009765625,5893.28076171875,176040400
2026-07-07,5986.4970703125,5986.4970703125,5987.01123046875,5890.44091796875,5933.57421875,197234200
2026-07-08,5873.3720703125,5873.3720703125,5984.47314453125,5872.01611328125,5984.18212890625,186818300
2026-07-09,5912.44189453125,5912.44189453125,5912.44189453125,5839.6689453125,5865.76806640625,220556700
2026-07-10,5924.35986328125,5924.35986328125,5949.9912109375,5887.8349609375,5936.037109375,142216700
2026-07-13,6037.841796875,6037.841796875,6037.841796875,5898.14697265625,5934.71923828125,224210800
2026-07-14,6039.52099609375,6039.52099609375,6095.01611328125,6002.90087890625,6057.76123046875,252906400
2026-07-15,6041.97216796875,6041.97216796875,6081.22802734375,6007.1728515625,6068.0322265625,187169500
2026-07-16,6108.208984375,6108.208984375,6108.208984375,6024.35400390625,6056.74609375,235078700
2026-07-17,6175.53515625,6175.53515625,6192.658203125,6079.31787109375,6112.841796875,205704000
2026-07-20,6231.77978515625,6231.77978515625,6249.90283203125,6191.0419921875,6197.47607421875,282256800
2026-07-23,6315.31103515625,6315.31103515625,6454.30908203125,6306.64599609375,6346.6162109375,570639300
2026-07-24,6196.43017578125,6196.43017578125,6268.5341796875,6159.14501953125,6266.97509765625,330175800
2026-07-27,6185.783203125,6185.783203125,6219.41796875,6144.27392578125,6185.798828125,241884600
2026-07-28,6130.587890625,6130.587890625,6199.43994140625,6130.587890625,6175.1982421875,198014300
2026-07-29,6091.38623046875,6091.38623046875,6174.4130859375,6029.32421875,6141.162109375,288519700
2026-07-30,6186.36279296875,6186.36279296875,6186.36279296875,6106.5458984375,6110.283203125,231176100
